﻿<?xml version="1.0" encoding="UTF-8"?>
<codeBook version="1.2.2" ID="QIDANDREV" xml-lang="en" xmlns="http://www.icpsr.umich.edu/DDI" xsi:SchemaLocation="http://www.icpsr.umich.edu/DDI http://www.icpsr.umich.edu/DDI/Version1-2-2.xsd" xmlns:xsi="http://www.w3.org/2001/XMLSchema-instance">
  <docDscr>
    <citation>
      <titlStmt>
        <titl>Malaria Survey Test</titl>
      </titlStmt>
      <prodStmt>
        <copyright>
        </copyright>
        <software version="1.0.0" date="2015-07-08">StatDDI</software>
      </prodStmt>
    </citation>
    <notes>
    </notes>
  </docDscr>
  <stdyDscr>
    <citation>
      <titlStmt>
        <titl>Malaria Survey Test</titl>
        <IDNO>QUEST</IDNO>
      </titlStmt>
      <prodStmt>
        <software version="1.0.0" date="2015-07-08">StatDDI</software>
      </prodStmt>
    </citation>
  </stdyDscr>
  <dataDscr>
    <var ID="V1" name="interview__id" files="F1" intrvl="discrete">
      <location width="255" RecSegNo="1" />
      <labl><![CDATA[Unique 32-character long identifier of the interview]]></labl>
      <qstn />
      <varFormat type="character" schema="other" />
    </var>
    <var ID="V2" name="interview__key" files="F1" intrvl="discrete">
      <location width="255" RecSegNo="1" />
      <labl><![CDATA[Interview key (identifier in XX-XX-XX-XX format)]]></labl>
      <qstn />
      <varFormat type="character" schema="other" />
    </var>
    <var ID="V3" name="assignment__id" files="F1" intrvl="discrete">
      <location width="255" RecSegNo="1" />
      <labl><![CDATA[Assignment id (identifier in numeric format)]]></labl>
      <qstn />
      <varFormat type="character" schema="other" />
    </var>
    <var ID="V4" name="sssys_irnd" files="F1" intrvl="discrete">
      <location width="255" RecSegNo="1" />
      <labl><![CDATA[Random number in the range 0..1 associated with interview]]></labl>
      <qstn />
      <varFormat type="character" schema="other" />
    </var>
    <var ID="V5" name="has__errors" files="F1" intrvl="discrete">
      <location width="255" RecSegNo="1" />
      <labl><![CDATA[Errors count in the interview]]></labl>
      <qstn />
      <varFormat type="character" schema="other" />
    </var>
    <var ID="V6" name="interview__status" files="F1" intrvl="discrete">
      <location width="255" RecSegNo="1" />
      <labl><![CDATA[Status of the interview]]></labl>
      <qstn />
      <varFormat type="character" schema="other" />
    </var>
    <var ID="V7" name="vill" files="F1" intrvl="discrete">
      <location width="255" RecSegNo="1" />
      <labl><![CDATA[Village]]></labl>
      <qstn>
        <qstnLit><![CDATA[Village]]></qstnLit>
      </qstn>
      <varFormat type="character" schema="other" />
    </var>
    <var ID="V8" name="compound" files="F1" intrvl="discrete">
      <location width="255" RecSegNo="1" />
      <labl><![CDATA[Compound]]></labl>
      <qstn>
        <qstnLit><![CDATA[Compound]]></qstnLit>
      </qstn>
      <varFormat type="character" schema="other" />
    </var>
    <var ID="V9" name="houdse_id" files="F1" intrvl="discrete">
      <location width="255" RecSegNo="1" />
      <labl><![CDATA[House id]]></labl>
      <qstn>
        <qstnLit><![CDATA[House id]]></qstnLit>
      </qstn>
      <varFormat type="character" schema="other" />
    </var>
    <var ID="V10" name="gender" files="F1" intrvl="discrete">
      <location RecSegNo="1" />
      <labl><![CDATA[Gender]]></labl>
      <qstn>
        <qstnLit><![CDATA[Gender]]></qstnLit>
      </qstn>
      <catgry>
        <catValu>1</catValu>
        <labl><![CDATA[Male]]></labl>
      </catgry>
      <catgry>
        <catValu>2</catValu>
        <labl><![CDATA[Female]]></labl>
      </catgry>
      <varFormat type="numeric" schema="other" />
    </var>
    <var ID="V11" name="species" files="F1" intrvl="discrete">
      <location RecSegNo="1" />
      <labl><![CDATA[Species]]></labl>
      <qstn>
        <qstnLit><![CDATA[Species]]></qstnLit>
      </qstn>
      <catgry>
        <catValu>1</catValu>
        <labl><![CDATA[Anopheles gambiae]]></labl>
      </catgry>
      <catgry>
        <catValu>2</catValu>
        <labl><![CDATA[Anopheles stephensi]]></labl>
      </catgry>
      <catgry>
        <catValu>3</catValu>
        <labl><![CDATA[Aedes aegypti]]></labl>
      </catgry>
      <catgry>
        <catValu>4</catValu>
        <labl><![CDATA[Aedes albopictus]]></labl>
      </catgry>
      <catgry>
        <catValu>5</catValu>
        <labl><![CDATA[Culex pipiens]]></labl>
      </catgry>
      <catgry>
        <catValu>6</catValu>
        <labl><![CDATA[Culex quinquefasciatus]]></labl>
      </catgry>
      <varFormat type="numeric" schema="other" />
    </var>
    <var ID="V12" name="comment" files="F1" intrvl="discrete">
      <location width="255" RecSegNo="1" />
      <labl><![CDATA[Comment about]]></labl>
      <qstn>
        <qstnLit><![CDATA[Comment about  mosquito]]></qstnLit>
      </qstn>
      <varFormat type="character" schema="other" />
    </var>
  </dataDscr>
  <fileDscr ID="F1" URI="Temp#33.~esstar?Index=0&amp;Name=mal_survey">
    <fileTxt>
      <fileName>mal_survey.NSDstat</fileName>
      <dimensns>
        <caseQnty>0</caseQnty>
        <varQnty>12</varQnty>
      </dimensns>
      <fileType>Nesstar 200801</fileType>
    </fileTxt>
  </fileDscr>
</codeBook>